ticker	company	was_in_xbi_jan2020	company_type	drug_name	chembl_id	target_gene	gene_source	indication	ensembl_id	efo_id	n_scoreable_pairs	n_gs_pairs	best_genetic_assoc_score	n_confirmed_pairs	n_confirmed_gs_pairs	best_confirmed_score	lead_phase	lead_score	lead_gene	lead_efo_id	lead_conditions	lead_ot_source	lead_evidence_predates	lead_confirmed_pre_2020	lead_validation_method	best_pair_ga_score	ot_score_source_best	ot_score_sources_all	evidence_predates_2020	genetic_datasources	is_gs	is_gs_at_0_10	is_gs_at_0_50	is_gs_at_0_80	is_gs_at_0_95	mendelian_only_gs	return_total_pct	price_start	price_end	date_start	date_end	return_source	return_estimated	outcome	acquirer	is_oncology_primary	has_combination_rows	pipeline_source
ABBV	AbbVie Inc	True	biotech	Adalimumab	CHEMBL1201580	TNF	chembl	Musculoskeletal and Connective Tissue Diseases | Rheumatoid Arthritis	ENSG00000232810	EFO_0000685	92	91	1.0	44	43	1.0	PHASE4	1.0	TNF	EFO_0000685	Musculoskeletal and Connective Tissue Diseases | Rheumatoid Arthritis	ot_2020	True	True	tier1_ot2020	1.0	ot_2020	ot_recent_fallback,ot_2020	uncertain	uniprot_literature,ot_genetics_portal	True	True	True	True	True	True	224.56	69.2662	224.81	2020-01-02	2026-02-20	yahoo_finance	False	active		False	True	ctgov
ACAD	ACADIA Pharmaceuticals Inc	True	biotech	Pimavanserin	CHEMBL2111101	HTR2A	chembl	Parkinson's Disease	ENSG00000102468	MONDO_0005180	4	4	0.958146	2	2	0.919259	PHASE3	0.919259	HTR2A	MONDO_0004975	Dementia-related Psychosis	ot_recent_fallback	True	True	bq_ancestor	0.958146	ot_recent_fallback	ot_recent_fallback	uncertain	uniprot_variants,genomics_england,eva,uniprot_literature,gene_burden	True	True	True	True	False	True	-41.64	41.11	23.99	2020-01-02	2026-02-20	yahoo_finance	False	active		False	True	ctgov
ACHN	Achillion Pharmaceuticals Inc	True	biotech	Danicopan	CHEMBL4250860	CFD	chembl	C3 Glomerulonephritis | C3 Glomerulopathy | Dense Deposit Disease | Immune Complex Mediated Membranoproliferative Glomer	ENSG00000197766	MONDO_0013892	1	1	0.886059	0	0	0.0	PHASE2	0.886059	CFD	MONDO_0013892	C3 Glomerulonephritis | C3 Glomerulopathy | Dense Deposit Disease | Immune Complex Mediated Membranoproliferative Glomer	ot_recent_fallback	True	False		0.886059	ot_recent_fallback	ot_recent_fallback	True	genomics_england,orphanet,eva	False	False	False	False	False	False	1.7			2020-01-02		manual_research	True	acquired	Johnson & Johnson ($14.04/sh, Jan 2020)	False	True	ctgov
ADVM	Adverum Biotechnologies Inc	True	biotech	ADVM-022			missing	Neovascular Age-related Macular Degeneration | Wet Age-related Macular Degeneration		EFO_0004683	0	0		0	0									False							False	False	False	False	False	False	-100.0			2020-01-02		manual_research	True	bankrupt		False	False	ctgov
AGEN	Agenus Inc	True	biotech	AG-707			missing	Genital Herpes			0	0		0	0									False							False	False	False	False	False	False	-96.14	79.2934	3.06	2020-01-02	2026-02-20	yahoo_finance	False	active		False	True	ctgov
AGIO	Agios Pharmaceuticals Inc	True	biotech	AG-348	CHEMBL4523073	PKLR	chembl	Anemia, Hemolytic | Pyruvate Kinase Deficiency	ENSG00000143627	MONDO_0002280	3	3	1.0	2	2	1.0	PHASE3	1.0	PKLR	MONDO_0002280	Anemia, Hemolytic | Pyruvate Kinase Deficiency	ot_2020	True	True	tier1_ot2020	1.0	ot_2020	ot_recent_fallback,ot_2020	uncertain	uniprot_literature,genomics_england,eva,uniprot	True	True	True	True	True	True	-38.45	47.52	29.25	2020-01-02	2026-02-20	yahoo_finance	False	active		False	True	ctgov
AIMT	Aimmune Therapeutics Inc	True	biotech	AR101 - Peanut protein capsule			missing	Peanut Allergy		EFO_0007425	0	0		0	0									False							False	False	False	False	False	False	40.8			2020-01-02		manual_research	True	acquired	Nestlé Health Science ($34.50/sh, Sep 2020)	False	True	ctgov
AKBA	Akebia Therapeutics Inc	True	biotech	Darbepoetin alfa	CHEMBL1201566	EPOR	chembl	Anemia | Non-Dialysis-Dependent Chronic Kidney Disease	ENSG00000187266	MONDO_0002280	4	4	0.958243	2	2	0.958243	PHASE3	0.958243	EPOR	MONDO_0002280	Anemia | Non-Dialysis-Dependent Chronic Kidney Disease	ot_recent_fallback	uncertain	True	mendelian_ancestor	0.958243	ot_recent_fallback	ot_recent_fallback	uncertain	gene_burden,eva,genomics_england	True	True	True	True	True	False	-81.39	6.34	1.18	2020-01-02	2026-02-20	yahoo_finance	False	active		False	True	ctgov
AKCA	Akcea Therapeutics Inc	True	biotech	ISIS 681257	CHEMBL1464	APOC3	chembl	Cardiovascular Disease | Elevated Lipoprotein(a)	ENSG00000110245	EFO_0000319	2	2	0.25732	1	1	0.25732	PHASE1	0.25732	VKORC1	EFO_0000319	Cardiovascular Diseases | Elevated Lipoprotein(a)	ot_recent_fallback	uncertain	True	bq_direct	0.25732	ot_recent_fallback	ot_recent_fallback	uncertain	gene_burden	True	True	False	False	False	False	-1.9			2020-01-02		manual_research	True	acquired	Ionis Pharmaceuticals ($18.15/sh, Oct 2020)	False	True	ctgov
ALEC	Alector Inc	True	biotech	AL001			missing	Frontotemporal Dementia | Healthy		EFO_0000401	0	0		0	0									False							False	False	False	False	False	False	-87.99	16.575	1.99	2020-01-02	2026-02-20	yahoo_finance	False	active		False	False	ctgov
ALKS	Alkermes PLC	True	biotech	Aripiprazole Lauroxil	CHEMBL715	DRD2	chembl	Schizophrenia	ENSG00000149295	MONDO_0005090	2	2	0.919068	1	1	0.919068	PHASE4	0.919068	DRD2	MONDO_0005090	Schizophrenia	ot_recent_fallback	uncertain	True	bq_direct	0.919068	ot_recent_fallback	ot_recent_fallback	uncertain	uniprot_variants,eva,uniprot_literature,gene_burden,genomics_england	True	True	True	True	False	False	61.49	19.76	31.91	2020-01-02	2026-02-20	yahoo_finance	False	active		False	True	ctgov
ALLK	Allakos Inc	True	biotech	AK002		SIGLEC8	chembl	Atopy	ENSG00000105366	EFO_0009424	0	0		0	0									False							False	False	False	False	False	False	-100.0			2020-01-02		manual_research	True	bankrupt		False	True	ctgov
ALLO	Allogene Therapeutics Inc	True	biotech	ALLO-647			missing	Relapsed/Refractory Follicular Lymphoma | Relapsed/Refractory Large B Cell Lymphoma		MONDO_0018906	0	0		0	0									False							False	False	False	False	False	False	-92.18	26.22	2.05	2020-01-02	2026-02-20	yahoo_finance	False	active		True	True	ctgov
ALNY	Alnylam Pharmaceuticals Inc	True	biotech	Patisiran	CHEMBL4297536	TTR	chembl	Amyloidosis, Hereditary | Transthyretin Amyloidosis	ENSG00000118271	MONDO_0018634	5	5	1.0	3	3	1.0	PHASE3	1.0	TTR	MONDO_0018634	Amyloidosis, Hereditary | Transthyretin Amyloidosis	ot_2020	True	True	tier1_ot2020	1.0	ot_2020	ot_recent_fallback,ot_2020	uncertain	uniprot_literature,genomics_england,eva,uniprot	True	True	True	True	True	True	190.77	115.62	336.19	2020-01-02	2026-02-20	yahoo_finance	False	active		False	True	ctgov,monogenic_causal
ALXN	Alexion Pharmaceuticals Inc	True	biotech	Ravulizumab	CHEMBL3989986	C5	chembl	Atypical Hemolytic Uremic Syndrome (aHUS)	ENSG00000106804	MONDO_0016244	2	2	0.912865	2	2	0.912865	PHASE3	0.912865	C5	MONDO_0016244	Atypical Hemolytic Uremic Syndrome (aHUS)	ot_recent_fallback	True	True	bq_ancestor	0.912865	ot_recent_fallback	ot_recent_fallback	True	genomics_england,eva	True	True	True	True	False	True	61.4			2020-01-02		manual_research	True	acquired	AstraZeneca ($39B, Dec 2020)	False	True	ctgov,monogenic_causal
AMAG	AMAG Pharmaceuticals Inc	True	biotech	Blood drawn from indwelling catheters versus direct venipuncture			missing	Healthy			0	0		0	0									False							False	False	False	False	False	False	-16.7			2020-01-02		manual_research	True	acquired	Covis Pharma ($13.75/sh, Oct 2020)	False	True	ctgov
AMGN	Amgen Inc	True	biotech	Etanercept	CHEMBL1201572	TNF	chembl	Psoriatic Arthritis	ENSG00000232810	EFO_0003778	46	46	1.0	22	22	1.0	PHASE4	0.958243	EPOR	MONDO_0002280	Anemia	ot_recent_fallback	uncertain	True	mendelian_ancestor	1.0	ot_2020	ot_recent_fallback,ot_2020	uncertain	uniprot_literature,ot_genetics_portal	True	True	True	True	True	False	89.04	198.2338	374.75	2020-01-02	2026-02-20	yahoo_finance	False	active		False	True	ctgov
ANAB	AnaptysBio Inc	True	biotech	Etokimab		IL33	chembl	Chronic Rhinosinusitis	ENSG00000137033	MONDO_0004979	3	3	0.977473	3	3	0.977473	PHASE2	0.977473	IL33	MONDO_0004979	Chronic Rhinosinusitis	ot_recent_fallback	uncertain	True	bq_direct	0.977473	ot_recent_fallback	ot_2020,ot_recent_fallback	uncertain	gene_burden,uniprot_literature,eva	True	True	True	True	True	False	241.03	15.89	54.19	2020-01-02	2026-02-20	yahoo_finance	False	active		False	True	ctgov
ANIK	Anika Therapeutics Inc	True	biotech	Cingal			missing	Osteoarthritis of the Knee		EFO_0004616	0	0		0	0									False							False	False	False	False	False	False	-79.71	52.4	10.63	2020-01-02	2026-02-20	yahoo_finance	False	active		False	False	ctgov
APLS	Apellis Pharmaceuticals Inc	True	biotech	APL-2	CHEMBL4298211	C3	chembl	Cold Agglutinin Disease | Warm Autoimmune Hemolytic Anemia	ENSG00000125730	MONDO_0002280	4	4	1.0	4	4	1.0	PHASE3	0.952778	C3	EFO_1001492	Geographic Atrophy	ot_2020	True	True	tier1_ot2020	1.0	ot_2020	ot_2020,ot_recent_fallback	True	uniprot_literature,genomics_england,eva,uniprot	True	True	True	True	True	True	-28.51	31.165	22.28	2020-01-02	2026-02-20	yahoo_finance	False	active		False	False	ctgov
ARNA	Arena Pharmaceuticals Inc	True	biotech	Etrasimod	CHEMBL3358920	S1PR4	chembl	Ulcerative Colitis	ENSG00000125910	EFO_0000729	5	5	0.898218	2	2	0.680556	PHASE3	0.680556	S1PR5	EFO_0000729	Ulcerative Colitis	ot_2020	True	True	tier1_ot2020	0.898218	ot_recent_fallback	ot_recent_fallback,ot_2020	uncertain	genomics_england	True	True	True	False	False	True	92.4			2020-01-02		manual_research	True	acquired	Pfizer ($6.7B, Mar 2022)	False	True	ctgov
ARQL	ArQule Inc	True	biotech	Fulvestrant	CHEMBL1146	ESR1	chembl	Cancer | Solid Tumors	ENSG00000091831	MONDO_0004992	2	2	0.978601	2	2	0.978601	PHASE2	0.865457	MET	EFO_0000178	Gastric Cancer	ot_recent_fallback	True	True	bq_ancestor	0.978601	ot_recent_fallback	ot_recent_fallback	uncertain	gene_burden,gene2phenotype,eva	True	True	True	True	False	True	0.5			2020-01-02		manual_research	True	acquired	Merck ($20/sh, Jan 2020)	True	True	ctgov
ARWR	Arrowhead Pharmaceuticals Inc	True	biotech	acetaminophen	CHEMBL112	PTGS1	chembl	Healthy	ENSG00000095303	EFO_0004197	0	0		0	0									False							False	False	False	False	False	False	0.74	63.12	63.59	2020-01-02	2026-02-20	yahoo_finance	False	active		False	True	ctgov
ATNX	Athenex Inc	True	biotech	HM30181 methanesulfonate monohydrate plus oral paclitaxel capsules			missing	Solid Tumor		EFO_1000542	0	0		0	0									False							False	False	False	False	False	False	-99.0			2020-01-02		manual_research	True	bankrupt		True	True	ctgov
ATRA	Atara Biotherapeutics Inc	True	biotech	WT1-sensitized T cells			missing	Leukemia | Myelodysplastic Syndrome		EFO_0000565	0	0		0	0									False							False	False	False	False	False	False	-98.98	410.25	4.18	2020-01-02	2026-02-20	yahoo_finance	False	active		True	True	ctgov
AVRO	Avrobio Inc	True	biotech	AVR-RD-01			missing	Fabry Disease		MONDO_0010526	0	0		0	0									False							False	False	False	False	False	False	-90.0			2020-01-02		manual_research	True	bankrupt		False	False	ctgov
BBIO	Bridgebio Pharma Inc	True	biotech	acoramidis		TTR	monogenic_causal	Amyloid Cardiomyopathy | Amyloidosis | Cardiomyopathies | Heart Diseases | Transthyretin Amyloidosis	ENSG00000118271	MONDO_0018634	1	1	1.0	1	1	1.0	PHASE3	1.0	TTR	MONDO_0018634	Amyloid Cardiomyopathy | Amyloidosis | Cardiomyopathies | Heart Diseases | Transthyretin Amyloidosis	ot_2020	True	True	tier1_ot2020	1.0	ot_2020	ot_2020	True	uniprot_literature,genomics_england,eva,uniprot	True	True	True	True	True	True	105.12	33.22	68.14	2020-01-02	2026-02-20	yahoo_finance	False	active		False	True	ctgov,monogenic_causal
BCRX	BioCryst Pharmaceuticals Inc	True	biotech	BCX7353	CHEMBL5189739	KLKB1	chembl	HAE | Hereditary Angioedema | Prophylaxis	ENSG00000164344	MONDO_0019623	3	3	0.904716	2	2	0.888136	PHASE1	0.888136	HMGCR	MONDO_0019623	Hereditary Angioedema	ot_recent_fallback	uncertain	True	bq_direct	0.904716	ot_recent_fallback	ot_recent_fallback	uncertain	eva,genomics_england,uniprot_variants,uniprot_literature	True	True	True	True	False	False	119.12	3.4	7.45	2020-01-02	2026-02-20	yahoo_finance	False	active		False	True	ctgov
BHVN	Biohaven Pharmaceutical Holding Co Ltd	True	biotech	BHV-0223			missing	ALS | Amyotrophic Lateral Sclerosis | Lou Gehrig Disease | Lou Gehrig's Disease | Lou-Gehrigs Disease | Motor Neuron Dis		EFO_0000562	0	0		0	0									False							False	False	False	False	False	False	230.0			2020-01-02		manual_research	True	acquired	Pfizer ($148.50/sh + BHVN spinoff, Oct 2022)	False	True	ctgov
BIIB	Biogen Inc	True	biotech	Nusinersen	CHEMBL3833342	SMN2	chembl	Muscular Atrophy, Spinal	ENSG00000205571	EFO_0008525	10	10	1.0	7	7	1.0	PHASE4	0.788995	KEAP1	MONDO_0005301	Multiple Sclerosis | Relapsing-Remitting Multiple Sclerosis	ot_recent_fallback	uncertain	True	bq_direct	1.0	ot_2020	ot_recent_fallback,ot_2020	uncertain	uniprot_literature,eva,uniprot	True	True	True	False	False	False	-34.74	294.24	192.03	2020-01-02	2026-02-20	yahoo_finance	False	active		False	True	ctgov
BMRN	BioMarin Pharmaceutical Inc	True	biotech	Valoctocogene Roxaparvovec	CHEMBL4075989	F9	chembl	Hemophilia A	ENSG00000101981	MONDO_0010602	5	5	0.998272	4	4	0.998272	PHASE3	0.998272	F9	MONDO_0010602	Hemophilia A	ot_recent_fallback	uncertain	True	mendelian_ancestor	0.998272	ot_recent_fallback	ot_recent_fallback	uncertain	uniprot_variants,eva,gene_burden,genomics_england,uniprot_literature	True	True	True	True	True	False	-23.75	84.04	64.08	2020-01-02	2026-02-20	yahoo_finance	False	active		False	True	ctgov,monogenic_causal
BPMC	Blueprint Medicines Corp	True	biotech	avapritinib	CHEMBL4204794	KIT	chembl	GIST	ENSG00000157404	MONDO_0011719	16	16	0.961687	2	2	0.961687	PHASE3	0.961687	KIT	MONDO_0011719	GIST	ot_recent_fallback	uncertain	True	bq_direct	0.961687	ot_recent_fallback	ot_recent_fallback	uncertain	genomics_england,eva,uniprot_variants,orphanet,uniprot_literature,gene2phenotype	True	True	True	True	True	False	260.0			2020-01-02		manual_research	True	acquired	Sanofi ($216/sh, Oct 2023)	False	True	ctgov
CHRS	Coherus Biosciences Inc	True	biotech	Adalimumab	CHEMBL1201580	TNF	chembl	Plaque Psoriasis	ENSG00000232810	EFO_1001494	1	1	0.5	1	1	0.5	PHASE3	0.5	TNF	EFO_1001494	Plaque Psoriasis	ot_2020	True	True	tier1_ot2020	0.5	ot_2020	ot_2020	True	ot_genetics_portal	True	True	False	False	False	True	-91.1	18.32	1.63	2020-01-02	2026-02-20	yahoo_finance	False	active		False	False	ctgov
CLVS	Clovis Oncology Inc	True	biotech	Rociletinib	CHEMBL3544883	EGFR	chembl	Non-small Cell Lung Cancer	ENSG00000146648	EFO_0003060	3	3	1.0	3	3	1.0	PHASE3	1.0	EGFR	EFO_0003060	Non-small Cell Lung Cancer	ot_2020	True	True	tier1_ot2020	1.0	ot_2020	ot_2020,ot_recent_fallback	True	uniprot_literature,eva	True	True	True	True	True	True	-100.0			2020-01-02		manual_research	True	bankrupt		True	True	ctgov
CPRX	Catalyst Pharmaceuticals Inc	True	biotech	Amifampridine Phosphate	CHEMBL395613	PDE4B	chembl	Muscular Atrophy, Spinal	ENSG00000184588	EFO_0008525	1	1	0.607931	1	1	0.607931	PHASE2	0.607931	PDE4B	EFO_0008525	Muscular Atrophy, Spinal	ot_recent_fallback	True	True	bq_ancestor	0.607931	ot_recent_fallback	ot_recent_fallback	True	genomics_england,eva	True	True	True	False	False	True	544.56	3.77	24.3	2020-01-02	2026-02-20	yahoo_finance	False	active		False	True	ctgov
CYTK	Cytokinetics Inc	True	biotech	Omecamtiv Mecarbil	CHEMBL1800955	MYH7	chembl	Heart Failure With Reduced Ejection Fraction	ENSG00000092054	EFO_0003144	1	1	0.986	1	1	0.986	PHASE3	0.986	MYH7	EFO_0003144	Heart Failure With Reduced Ejection Fraction	ot_recent_fallback	uncertain	True	mendelian_ancestor	0.986	ot_recent_fallback	ot_recent_fallback	uncertain	gene_burden,eva	True	True	True	True	True	False	543.98	10.55	67.94	2020-01-02	2026-02-20	yahoo_finance	False	active		False	True	ctgov
DCPH	Deciphera Pharmaceuticals Inc	True	biotech	Rebastinib	CHEMBL2094141	ABL1	chembl	Breast Adenocarcinoma | Breast Cancer | Human Epidermal Growth Factor 2 Negative Carcinoma of Breast | Recurrent Breast 	ENSG00000097007	EFO_0000305	14	14	0.981276	3	3	0.961687	PHASE3	0.961687	KIT	MONDO_0011719	Gastrointestinal Stromal Tumors	ot_recent_fallback	uncertain	True	bq_direct	0.981276	ot_recent_fallback	ot_recent_fallback	uncertain	gene_burden,genomics_england,eva	True	True	True	True	True	False	-3.4			2020-01-02		manual_research	True	acquired	ONO Pharmaceutical ($25.60/sh, Jun 2024)	True	True	ctgov
DNLI	Denali Therapeutics Inc	True	biotech	DNL201			missing	Parkinson Disease		MONDO_0005180	0	0		0	0									False							False	False	False	False	False	False	23.18	16.39	20.19	2020-01-02	2026-02-20	yahoo_finance	False	active		False	True	ctgov
DRNA	Dicerna Pharmaceuticals Inc	True	biotech	DCR-HBVS			missing	Hepatitis B, Chronic		EFO_0004197	0	0		0	0									False							False	False	False	False	False	False	118.7			2020-01-02		manual_research	True	acquired	Novo Nordisk ($3.3B, Dec 2021)	False	True	ctgov
DVAX	Dynavax Technologies Corp	True	biotech	1018 ISS immunostimulatory oligonucleotide			missing	Colorectal Neoplasms		EFO_1001951	0	0		0	0									False							False	False	False	False	False	False	183.36	5.47	15.5	2020-01-02	2026-02-10	yahoo_finance	False	active		False	True	ctgov
EBS	Emergent BioSolutions Inc	True	biotech	AIDSVAX B/E			missing	Healthy Volunteer | HIV Vaccine			0	0		0	0									False							False	False	False	False	False	False	-79.76	54.0	10.93	2020-01-02	2026-02-20	yahoo_finance	False	active		False	True	ctgov
EDIT	Editas Medicine Inc	True	biotech	EDIT-101			missing	Eye Diseases, Hereditary | Eye Disorders Congenital | Inherited Retinal Dystrophies | Leber Congenital Amaurosis 10 | Re			0	0		0	0									False							False	False	False	False	False	False	-93.92	29.44	1.79	2020-01-02	2026-02-20	yahoo_finance	False	active		False	False	ctgov
EGRX	Eagle Pharmaceuticals Inc/DE	True	biotech	Faslodex (Reference)			missing	Pharmacokinetics			0	0		0	0									False							False	False	False	False	False	False	-99.67	60.03	0.2	2020-01-02	2026-02-20	yahoo_finance	False	active		False	False	ctgov
ENTA	Enanta Pharmaceuticals Inc	True	biotech	EDP-305 1 mg	CHEMBL4523491	NR1H4	chembl	NASH	ENSG00000012504	EFO_1001486	0	0		0	0									False							False	False	False	False	False	False	-78.21	62.0	13.51	2020-01-02	2026-02-20	yahoo_finance	False	active		False	True	ctgov
EPZM	Epizyme Inc	True	biotech	Tazemetostat	CHEMBL3414621	EZH2	chembl	Metastatic Castration-resistant Prostate Cancer | Metastatic Prostate Cancer	ENSG00000106462	EFO_0001663	4	4	0.944664	2	2	0.625	PHASE2	0.5	EZH2	EFO_0000616	Any Solid Tumor With an EZH2 GOF Mutation | Atypical Teratoid Rhabdoid Tumors (ATRT) | Epithelioid Sarcoma | INI1-negati	ot_2020	True	True	tier1_ot2020	0.944664	ot_recent_fallback	ot_2020,ot_recent_fallback	uncertain	genomics_england,gene_burden	True	True	False	False	False	True	105.2			2020-01-02		manual_research	True	acquired	Ipsen ($1.45B, Jul 2022)	True	True	ctgov
ESPR	Esperion Therapeutics Inc	True	biotech	evolocumab	CHEMBL2364655	PCSK9	chembl	Hypercholesterolemia	ENSG00000169174	EFO_0004911	10	10	1.0	4	4	1.0	PHASE3	0.625	ACLY	EFO_0001645	Atherosclerotic Cardiovascular Diseases | Hypercholesterolemia	ot_2020	True	True	tier1_ot2020	1.0	ot_2020	ot_recent_fallback,ot_2020	uncertain	uniprot_literature,genomics_england,eva,uniprot	True	True	True	False	False	True	-94.33	61.34	3.48	2020-01-02	2026-02-20	yahoo_finance	False	active		False	True	ctgov
EXEL	Exelixis Inc	True	biotech	Cabozantinib	CHEMBL2105717	MET	chembl	Renal Cell Carcinoma	ENSG00000105976	EFO_0000681	14	14	1.0	4	4	1.0	PHASE3	1.0	MET	EFO_0000681	Renal Cell Carcinoma	ot_2020	True	True	tier1_ot2020	1.0	ot_2020	ot_recent_fallback,ot_2020	uncertain	uniprot_literature,eva	True	True	True	True	True	True	147.06	17.66	43.63	2020-01-02	2026-02-20	yahoo_finance	False	active		True	True	ctgov
FATE	Fate Therapeutics Inc	True	biotech	Antithymocyte Globulin			missing	Allogeneic Stem Cell Transplantation | Hematologic Malignancies		EFO_0000574	0	0		0	0									False							False	False	False	False	False	False	-92.5	19.47	1.46	2020-01-02	2026-02-20	yahoo_finance	False	active		False	True	ctgov
FLXN	Flexion Therapeutics Inc	True	biotech	Fludeoxyglucose F-18			missing	Stage IA Non-Small Cell Lung Carcinoma AJCC v7 | Stage IB Non-Small Cell Lung Carcinoma AJCC v7 | Stage IIA Non-Small Ce			0	0		0	0									False							False	False	False	False	False	False	-63.0			2020-01-02		manual_research	True	acquired	Pacira BioSciences ($8.50/sh, Nov 2021)	True	False	ctgov
FOLD	Amicus Therapeutics Inc	True	biotech	Migalastat HCl 150 mg	CHEMBL2144848	P2RY12	chembl	Fabry Disease	ENSG00000169313	MONDO_0010526	0	0		0	0									False							False	False	False	False	False	False	50.16	9.55	14.34	2020-01-02	2026-02-20	yahoo_finance	False	active		False	True	ctgov
GBT	Global Blood Therapeutics Inc	True	biotech	GBT440	CHEMBL4101807	HBB	chembl	Hypoxemia | Idiopathic Pulmonary Fibrosis	ENSG00000244734	EFO_0000768	2	2	0.916384	1	1	0.846459	PHASE2	0.846459	HBB	MONDO_0011382	Sickle Cell Disease	ot_recent_fallback	uncertain	True	bq_direct	0.916384	ot_recent_fallback	ot_recent_fallback	uncertain	eva,genomics_england,gene_burden	True	True	True	True	False	False	-2.6			2020-01-02		manual_research	True	acquired	Pfizer ($5.4B, Oct 2022)	False	True	ctgov
GILD	Gilead Sciences Inc	True	biotech	Adalimumab	CHEMBL1201580	TNF	chembl	Rheumatoid Arthritis	ENSG00000232810	EFO_0000685	58	57	1.0	25	24	1.0	PHASE3	1.0	TYK2	EFO_0000685	Rheumatoid Arthritis	ot_2020	True	True	tier1_ot2020	1.0	ot_2020	ot_recent_fallback,ot_2020	uncertain	uniprot_literature,ot_genetics_portal	True	True	True	True	True	True	192.65	51.735	151.4	2020-01-02	2026-02-20	yahoo_finance	False	active		False	True	ctgov
GOSS	Gossamer Bio Inc	True	biotech	GB002			missing	Safety Issues			0	0		0	0									False							False	False	False	False	False	False	-86.17	15.4	2.13	2020-01-02	2026-02-20	yahoo_finance	False	active		False	True	ctgov
GTHX	G1 Therapeutics Inc	True	biotech	Osimertinib	CHEMBL3353410	EGFR	chembl	Carcinoma, Non-Small-Cell Lung | Lung Cancer | Non-small Cell Lung Cancer	ENSG00000146648	EFO_0003060	8	8	1.0	5	5	1.0	PHASE2	0.856705	CDK4	EFO_0000702	Small Cell Lung Cancer	ot_recent_fallback	True	True	bq_ancestor	1.0	ot_2020	ot_recent_fallback,ot_2020	uncertain	uniprot_literature,eva	True	True	True	True	False	True	-75.2			2020-01-02		manual_research	True	acquired	Pharma Solutions (2024)	True	True	ctgov
HALO	Halozyme Therapeutics Inc	True	biotech	Atezolizumab	CHEMBL3707227	CD274	missing	Cholangiocarcinoma, Extrahepatic | Cholangiocarcinoma, Intrahepatic | Cholangiocarcinoma Non-resectable | Gallbladder Ad	ENSG00000120217	EFO_0005221	0	0		0	0									False							False	False	False	False	False	False	292.15	18.1	70.98	2020-01-02	2026-02-20	yahoo_finance	False	active		True	True	ctgov
HRTX	Heron Therapeutics Inc	True	biotech	Bupivacaine HCl	CHEMBL414	ATP4A	chembl	Analgesia	ENSG00000105675	EFO_1001117	0	0		0	0									False							False	False	False	False	False	False	-94.91	23.18	1.18	2020-01-02	2026-02-20	yahoo_finance	False	active		False	True	ctgov
ICPT	Intercept Pharmaceuticals Inc	True	biotech	Obeticholic Acid (OCA)	CHEMBL2107027	NR1H4	chembl	Liver Cirrhosis, Biliary	ENSG00000012504	EFO_0001422	1	1	0.29838	1	1	0.29838	PHASE4	0.29838	NR1H4	EFO_0001422	Liver Cirrhosis, Biliary	ot_recent_fallback	uncertain	True	mendelian_ancestor	0.29838	ot_recent_fallback	ot_recent_fallback	uncertain	gene_burden	True	True	False	False	False	False	-86.1			2020-01-02		manual_research	True	acquired	Alfasigma (~$19/sh, 2023)	False	True	ctgov
IMGN	ImmunoGen Inc	True	biotech	Topotecan	CHEMBL84	TOP1	chembl	Epithelial Ovarian Cancer | Fallopian Tube Cancer | Ovarian Cancer | Primary Peritoneal Carcinoma	ENSG00000198900	EFO_0001075	1	1	0.953196	0	0									False		0.953196	ot_recent_fallback	ot_recent_fallback	uncertain	genomics_england,eva,gene_burden	False	False	False	False	False	False	651.4			2020-01-02		manual_research	True	acquired	AbbVie ($10.1B, Mar 2024)	True	True	ctgov
INCY	Incyte Corp	True	biotech	Regorafenib	CHEMBL1946170	FGFR2	chembl	Breast Cancer | Colorectal Cancer (CRC) | Lung Cancer | Pancreatic Cancer	ENSG00000066468	EFO_0000305	97	96	1.0	31	30	1.0	PHASE3	0.805643	PDCD1	EFO_0003060	Metastatic Nonsquamous Non-Small Cell Lung Cancer | Metastatic Squamous Non-Small Cell Lung Cancer	ot_recent_fallback	True	True	bq_ancestor	1.0	ot_2020	ot_recent_fallback,ot_2020	uncertain	ot_genetics_portal	True	True	True	True	False	True	17.86	85.97	101.32	2020-01-02	2026-02-20	yahoo_finance	False	active		True	True	ctgov
INSM	Insmed Inc	True	biotech	ARIKACE™			missing	Cystic Fibrosis		MONDO_0009061	0	0		0	0									False							False	False	False	False	False	False	597.0	23.66	164.91	2020-01-02	2026-02-20	yahoo_finance	False	active		False	True	ctgov
IONS	Ionis Pharmaceuticals Inc	True	biotech	Eplontersen	CHEMBL3544989	TTR	chembl	Transthyretin-Mediated Amyloid Cardiomyopathy (ATTR CM)	ENSG00000118271	MONDO_0018634	3	3	1.0	2	2	1.0	PHASE3	1.0	TTR	MONDO_0018634	Transthyretin-Mediated Amyloid Cardiomyopathy (ATTR CM)	ot_2020	True	True	tier1_ot2020	1.0	ot_2020	ot_recent_fallback,ot_2020	uncertain	uniprot_literature,genomics_england,eva,uniprot	True	True	True	True	True	True	36.56	60.89	83.15	2020-01-02	2026-02-20	yahoo_finance	False	active		False	True	ctgov,monogenic_causal
IOVA	Iovance Biotherapeutics Inc	True	biotech	High dose IL-2			missing	Chronic Lymphocytic Leukemia | Small Lymphocytic Lymphoma		EFO_0000095	0	0		0	0									False							False	False	False	False	False	False	-89.24	26.68	2.87	2020-01-02	2026-02-20	yahoo_finance	False	active		True	True	ctgov
IRWD	Ironwood Pharmaceuticals Inc	True	biotech	colchicine	CHEMBL107	TUBA1B	chembl	Chronic Kidney Disease (CKD) | Gout	ENSG00000123416	EFO_0003884	1	1	0.607931	0	0									False		0.607931	ot_recent_fallback	ot_recent_fallback	True	genomics_england,eva	False	False	False	False	False	False	-70.14	13.26	3.96	2020-01-02	2026-02-20	yahoo_finance	False	active		False	True	ctgov
KDMN	Kadmon Holdings Inc	True	biotech	Tesevatinib	CHEMBL1236924	EGFR	chembl	ADPKD | Autosomal Dominant Polycystic Kidney	ENSG00000146648	EFO_0008620	8	8	0.990562	4	4	0.983426	PHASE2	0.983426	EGFR	EFO_0000519	Brain Tumor | Glioblastoma | Recurrent Glioblastoma	ot_2020	True	True	tier1_ot2020	0.990562	ot_recent_fallback	ot_2020,ot_recent_fallback	uncertain	gene_burden,eva,genomics_england,gene2phenotype	True	True	True	True	True	True	171.4			2020-01-02		manual_research	True	acquired	Sanofi ($9.50/sh, Oct 2021)	False	True	ctgov
KOD	Kodiak Sciences Inc	True	biotech	Aflibercept	CHEMBL1162561	VEGFA	chembl	Diabetic Macular Edema | Retinal Vein Occlusion | Wet Age-related Macular Degeneration	ENSG00000112715	EFO_0009047	0	0		0	0									False							False	False	False	False	False	False	-62.9	68.14	25.28	2020-01-02	2026-02-20	yahoo_finance	False	active		False	False	ctgov
KPTI	Karyopharm Therapeutics Inc	True	biotech	Selinexor	CHEMBL3545185	XPO1	chembl	Endometrial Cancer	ENSG00000082898	MONDO_0011962	7	7	0.982855	1	1	0.896514	PHASE1/PHASE2	0.896514	TUBB1	EFO_0001378	Multiple Myeloma	ot_recent_fallback	True	True	bq_ancestor	0.982855	ot_recent_fallback	ot_recent_fallback	uncertain	gene_burden,genomics_england,uniprot_literature,uniprot_variants,eva	True	True	True	True	False	True	-96.56	280.8	9.67	2020-01-02	2026-02-20	yahoo_finance	False	active		True	True	ctgov
KRTX	Karuna Therapeutics Inc	True	biotech	Trospium chloride			missing	Schizophrenia		MONDO_0005090	0	0		0	0									False							False	False	False	False	False	False	227.4			2020-01-02		manual_research	True	acquired	Bristol Myers Squibb ($14B, Mar 2024)	False	True	ctgov
KRYS	Krystal Biotech Inc	True	biotech	KB105			missing	TGM-1 Related Autosomal Recessive Congenital Ichthyosis			0	0		0	0									False							False	False	False	False	False	False	359.38	56.99	261.8	2020-01-02	2026-02-20	yahoo_finance	False	active		False	True	ctgov
KURA	Kura Oncology Inc	True	biotech	Tipifarnib	CHEMBL28	FNTB	chembl	Myelodysplastic Syndromes	ENSG00000257365	EFO_0000198	2	2	0.759913	0	0									False		0.759913	ot_recent_fallback	ot_recent_fallback	True	genomics_england	False	False	False	False	False	False	-39.74	14.04	8.46	2020-01-02	2026-02-20	yahoo_finance	False	active		False	True	ctgov
LGND	Ligand Pharmaceuticals Inc	True	biotech	LGD-6972			missing	Type 2 Diabetes Mellitus		MONDO_0005148	0	0		0	0									False							False	False	False	False	False	False	181.57	65.34	183.98	2020-01-02	2026-02-20	yahoo_finance	False	active		False	True	ctgov
MDCO	Medicines Co/The	True	biotech	Inclisiran	CHEMBL1464	PCSK9	chembl	Elevated Cholesterol | Heterozygous Familial Hypercholesterolemia	ENSG00000169174	EFO_0004911	3	3	1.0	3	3	1.0	PHASE4	0.731806	VKORC1	EFO_0000618	Acute Bacterial Skin and Skin Structure Infection	ot_2020	True	True	tier1_ot2020	1.0	ot_2020	ot_2020	True	uniprot_literature,genomics_england,eva,uniprot	True	True	True	False	False	True	1.8			2020-01-02		manual_research	True	acquired	Novartis ($85/sh, Jan 2020)	False	True	ctgov,monogenic_causal
MDGL	Madrigal Pharmaceuticals Inc	True	biotech	MGL-3196	CHEMBL4297647	THRB	chembl	Healthy	ENSG00000151090	EFO_1001249	0	0		0	0									False							False	False	False	False	False	False	379.72	90.68	435.01	2020-01-02	2026-02-20	yahoo_finance	False	active		False	True	ctgov
MGNX	MacroGenics Inc	True	biotech	Margetuximab	CHEMBL2364649	ERBB2	chembl	HER-2 Positive Breast Cancer | Metastatic Neoplasm	ENSG00000141736	EFO_0000305	5	4	0.981276	3	2	0.7	PHASE2/PHASE3	0.7	ERBB2	EFO_0000178	Gastric Cancer | Gastroesophageal Junction Cancer | HER2-positive Gastric Cancer	ot_2020	True	True	tier1_ot2020	0.981276	ot_recent_fallback	ot_recent_fallback,ot_2020	uncertain	gene_burden,genomics_england,eva,uniprot_variants,uniprot_literature	True	True	True	False	False	True	-84.23	10.78	1.7	2020-01-02	2026-02-20	yahoo_finance	False	active		True	True	ctgov
MNTA	Momenta Pharmaceuticals Inc	True	biotech	EU-Sourced Orencia®			missing	Healthy Volunteers			0	0		0	0									False							False	False	False	False	False	False	109.3			2020-01-02		manual_research	True	acquired	Johnson & Johnson ($6.5B, Aug 2020)	False	True	ctgov
MRNA	Moderna Inc	True	biotech	Durvalumab	CHEMBL3301587	CD274	missing	Dose Escalation: Relapsed/Refractory Solid Tumor Malignancies or Lymphoma | Dose Expansion: Triple Negative Breast Cance	ENSG00000120217	EFO_0000616	0	0		0	0									False							False	False	False	False	False	False	159.33	19.23	49.87	2020-01-02	2026-02-20	yahoo_finance	False	active		True	True	ctgov
MRTX	Mirati Therapeutics Inc	True	biotech	Afatinib	CHEMBL1173655	EGFR	chembl	Advanced Cancer | Malignant Neoplastic Disease | Metastatic Cancer	ENSG00000146648	MONDO_0004992	9	9	0.978601	8	8	0.978601	PHASE3	0.805643	MET	EFO_0003060	Metastatic Non-Squamous Non-Small Cell Lung Cancer	ot_recent_fallback	True	True	bq_ancestor	0.978601	ot_recent_fallback	ot_recent_fallback,ot_2020	uncertain	gene_burden,gene2phenotype,eva	True	True	True	True	False	True	-47.3			2020-01-02		manual_research	True	acquired	Bristol Myers Squibb ($4.8B, Jan 2024)	True	True	ctgov
MYGN	Myriad Genetics Inc	True	biotech	Niraparib	CHEMBL1094636	PARP1	chembl	Ovarian Neoplasms	ENSG00000143799	EFO_0001075	6	6	0.953196	2	2	0.625	PHASE3	0.625	CYP17A1	EFO_0001663	Metastatic Castration-resistant Prostate Cancer	ot_2020	True	True	tier1_ot2020	0.953196	ot_recent_fallback	ot_recent_fallback,ot_2020	uncertain	genomics_england,eva,gene_burden	True	True	True	False	False	True	-84.31	27.35	4.29	2020-01-02	2026-02-20	yahoo_finance	False	active		False	True	ctgov
NBIX	Neurocrine Biosciences Inc	True	biotech	Valbenazine	CHEMBL2364639	SLC18A2	chembl	Tardive Dyskinesia (TD)	ENSG00000165646	EFO_0004280	1	1	0.7	1	1	0.7	PHASE4	0.7	SLC18A2	EFO_0004280	Tardive Dyskinesia (TD)	ot_2020	True	True	tier1_ot2020	0.7	ot_2020	ot_2020	True	eva,uniprot	True	True	True	False	False	True	18.77	108.3	128.63	2020-01-02	2026-02-20	yahoo_finance	False	active		False	True	ctgov
NXTC	NextCure Inc	True	biotech	NC318			missing	Advanced or Metastatic Solid Tumors | Breast Cancer | Cholangiocarcinoma | CRC | Endometrial Cancer | Head and Neck Squa		EFO_0000335	0	0		0	0									False							False	False	False	False	False	False	-97.95	668.16	13.73	2020-01-02	2026-02-20	yahoo_finance	False	active		True	False	ctgov
OPK	OPKO Health Inc	True	biotech	MOD-5014		F9	monogenic_causal	Hemophilia A | Hemophilia B	ENSG00000101981	MONDO_0010602	1	1	0.998272	1	1	0.998272	PHASE1	0.998272	F9	MONDO_0010602	Hemophilia A | Hemophilia B	ot_recent_fallback	uncertain	True	mendelian_ancestor	0.998272	ot_recent_fallback	ot_recent_fallback	uncertain	uniprot_variants,eva,gene_burden,genomics_england,uniprot_literature	True	True	True	True	True	False	-19.46	1.49	1.2	2020-01-02	2026-02-20	yahoo_finance	False	active		False	True	ctgov,monogenic_causal
PBYI	Puma Biotechnology Inc	True	biotech	Neratinib	CHEMBL180022	EGFR	chembl	Early Stage HER2+ Breast Cancer	ENSG00000146648	EFO_0000305	3	3	0.981276	1	1	0.65	PHASE2	0.65	ERBB4	EFO_0000305	Early Stage HER2+ Breast Cancer	ot_2020	True	True	tier1_ot2020	0.981276	ot_recent_fallback	ot_recent_fallback,ot_2020	uncertain	gene_burden,genomics_england,eva,uniprot_variants,uniprot_literature	True	True	True	False	False	True	-18.98	8.43	6.83	2020-01-02	2026-02-20	yahoo_finance	False	active		True	True	ctgov
PGNX	Progenics Pharmaceuticals Inc	True	biotech	Enzalutamide	CHEMBL1082407	AR	chembl	Cancer of the Prostate | Castration-resistant Prostate Cancer | Metastatic Prostate Cancer | Progressive mCRPC | Prostat	ENSG00000169083	EFO_0000625	1	1	0.827461	0	0									False		0.827461	ot_recent_fallback	ot_recent_fallback	uncertain	uniprot_variants,genomics_england,uniprot_literature	False	False	False	False	False	False	3.6			2020-01-02		manual_research	True	acquired	Lantheus Holdings ($7.56/sh, Jun 2020)	True	False	ctgov
PRNB	Principia Biopharma Inc	True	biotech	PRN1371			missing	Metastatic Urothelial Carcinoma & Renal Pelvis & Ureter | Solid Tumors		EFO_0004282	0	0		0	0									False							False	False	False	False	False	False	90.3			2020-01-02		manual_research	True	acquired	Sanofi ($3.68B, Sep 2020)	True	True	ctgov
PRTA	Prothena Corp PLC	True	biotech	PRX002			missing	Parkinson's Disease		MONDO_0005180	0	0		0	0									False							False	False	False	False	False	False	-42.29	15.63	9.02	2020-01-02	2026-02-20	yahoo_finance	False	active		False	True	ctgov
PTCT	PTC Therapeutics Inc	True	biotech	Ataluren	CHEMBL256997	DMD	chembl	Duchenne Muscular Dystrophy	ENSG00000198947	MONDO_0010679	1	1	0.949607	1	1	0.949607	PHASE2	0.949607	DMD	MONDO_0010679	Duchenne Muscular Dystrophy	ot_recent_fallback	uncertain	True	bq_direct	0.949607	ot_recent_fallback	ot_recent_fallback	uncertain	eva,genomics_england,uniprot_variants,orphanet,uniprot_literature,gene2phenotype	True	True	True	True	False	False	45.87	48.44	70.66	2020-01-02	2026-02-20	yahoo_finance	False	active		False	True	ctgov,monogenic_causal
PTLA	Portola Pharmaceuticals Inc	True	biotech	Betrixaban	CHEMBL512351	F10	chembl	Bleeding	ENSG00000126218	MONDO_0009446	0	0		0	0									False							False	False	False	False	False	False	-36.8			2020-01-02		manual_research	True	acquired	Alexion Pharmaceuticals ($18/sh, Jul 2020)	False	True	ctgov
RARE	Ultragenyx Pharmaceutical Inc	True	biotech	UX003		GALNS	chembl	MPS VII | Mucopolysaccharidosis | Mucopolysaccharidosis VII | Sly Syndrome	ENSG00000141012	MONDO_0009661	1	1	0.981302	1	1	0.981302	PHASE3	0.981302	GALNS	MONDO_0009661	MPS VII | Mucopolysaccharidosis | Mucopolysaccharidosis VII | Sly Syndrome	ot_recent_fallback	uncertain	True	bq_direct	0.981302	ot_recent_fallback	ot_recent_fallback	uncertain	uniprot_variants,genomics_england,eva,gene2phenotype,uniprot_literature	True	True	True	True	True	False	-47.3	43.11	22.72	2020-01-02	2026-02-20	yahoo_finance	False	active		False	True	ctgov,monogenic_causal
RARX	Ra Pharmaceuticals Inc	True	biotech	DCC-2618	CHEMBL4297618	KIT	chembl	Advanced Cancers | Advanced Systemic Mastocytosis | Gastrointestinal Stromal Tumors	ENSG00000157404	MONDO_0004992	17	17	0.977107	4	4	0.961687	PHASE3	0.961687	KIT	MONDO_0011719	Gastrointestinal Stromal Tumors	ot_recent_fallback	uncertain	True	bq_direct	0.977107	ot_recent_fallback	ot_recent_fallback	uncertain	gene_burden,gene2phenotype,eva	True	True	True	True	True	False	113.3			2020-01-02		manual_research	True	acquired	UCB ($48/sh, Apr 2020)	True	True	ctgov,monogenic_causal
RCKT	Rocket Pharmaceuticals Inc	True	biotech	RP-A501			missing	Danon Disease			0	0		0	0									False							False	False	False	False	False	False	-83.78	23.31	3.78	2020-01-02	2026-02-20	yahoo_finance	False	active		False	False	ctgov
RDUS	Radius Health Inc	True	biotech	Abaloparatide Injection (80 mcg)			missing	Post Menopausal Osteoporosis		EFO_0003854	0	0		0	0									False							False	False	False	False	False	False	-42.9			2020-01-02		manual_research	True	acquired	Gurnet Point Capital ($10/sh, Jun 2022)	False	True	ctgov
REGN	Regeneron Pharmaceuticals Inc	True	biotech	Alirocumab	CHEMBL2109540	PCSK9	chembl	Heterozygous Familial Hypercholesterolemia	ENSG00000169174	EFO_0004911	16	15	1.0	7	6	1.0	PHASE4	0.97765	IL4R	MONDO_0004979	Asthma	ot_recent_fallback	uncertain	True	bq_direct	1.0	ot_2020	ot_recent_fallback,ot_2020	uncertain	uniprot_literature,genomics_england,eva,uniprot	True	True	True	True	True	False	110.24	370.8447	779.67	2020-01-02	2026-02-20	yahoo_finance	False	active		False	True	ctgov
RYTM	Rhythm Pharmaceuticals Inc	True	biotech	Setmelanotide	CHEMBL3301624	MC4R	chembl	Pro-opiomelanocortin (POMC) Deficiency Obesity	ENSG00000166603	EFO_0001073	3	3	1.0	3	3	1.0	PHASE3	1.0	MC4R	EFO_0001073	Pro-opiomelanocortin (POMC) Deficiency Obesity	ot_2020	True	True	tier1_ot2020	1.0	ot_2020	ot_recent_fallback,ot_2020	True	uniprot_literature,ot_genetics_portal,genomics_england,phewas_catalog,eva	True	True	True	True	True	True	335.72	22.9	99.78	2020-01-02	2026-02-20	yahoo_finance	False	active		False	True	ctgov
SAGE	Sage Therapeutics Inc	True	biotech	Placebo			missing	Essential Tremor		EFO_0001068	0	0		0	0									False							False	False	False	False	False	False	-93.0			2020-01-02		manual_research	True	acquired	Biogen ($7.22/sh, Dec 2023)	False	True	ctgov
SGEN	Seattle Genetics Inc	True	biotech	Niraparib	CHEMBL1094636	PARP1	chembl	Bladder Cancer | Urothelial Carcinoma	ENSG00000143799	MONDO_0004986	8	8	0.92525	5	5	0.683922	PHASE2	0.683922	FGFR1	EFO_0000335	Advanced Solid Tumors | Lymphoma, Non-Hodgkin | Multiple Myeloma	ot_recent_fallback	True	True	bq_ancestor	0.92525	ot_recent_fallback	ot_recent_fallback	uncertain	eva,uniprot_literature,gene_burden	True	True	True	False	False	True	109.7			2020-01-02		manual_research	True	acquired	Pfizer ($43B, Dec 2023)	True	True	ctgov
SGMO	Sangamo Therapeutics Inc	True	biotech	Busulfan		HBB	monogenic_causal	Sickle Cell Disease	ENSG00000244734	MONDO_0011382	1	1	0.846459	1	1	0.846459	PHASE1/PHASE2	0.846459	HBB	MONDO_0011382	Sickle Cell Disease	ot_recent_fallback	uncertain	True	bq_direct	0.846459	ot_recent_fallback	ot_recent_fallback	uncertain	genomics_england,uniprot_literature,uniprot_variants,orphanet	True	True	True	True	False	False	-95.37	8.21	0.38	2020-01-02	2026-02-20	yahoo_finance	False	active		False	True	ctgov,monogenic_causal
SPPI	Spectrum Pharmaceuticals Inc	True	biotech	Pegfilgrastim	CHEMBL1201568	CSF3R	chembl	Breast Cancer | Neutropenia	ENSG00000119535	EFO_0000305	1	1	0.941624	0	0									False		0.941624	ot_recent_fallback	ot_recent_fallback	uncertain	genomics_england,eva,gene_burden,uniprot_literature,uniprot_variants	False	False	False	False	False	False	-74.0			2020-01-02		manual_research	True	acquired	Hanmi Pharmaceutical ($1.12/sh, Sep 2022)	True	True	ctgov
SRPT	Sarepta Therapeutics Inc	True	biotech	Casimersen	CHEMBL2108278	DMD	chembl	Duchenne Muscular Dystrophy	ENSG00000198947	MONDO_0010679	1	1	0.949607	1	1	0.949607	PHASE3	0.949607	DMD	MONDO_0010679	Duchenne Muscular Dystrophy	ot_recent_fallback	uncertain	True	bq_direct	0.949607	ot_recent_fallback	ot_recent_fallback	uncertain	eva,genomics_england,uniprot_variants,orphanet,uniprot_literature,gene2phenotype	True	True	True	True	False	False	-85.37	129.09	18.88	2020-01-02	2026-02-20	yahoo_finance	False	active		False	True	ctgov,monogenic_causal
STML	Stemline Therapeutics Inc	True	biotech	Elacestrant			missing	Advanced ER+, HER2-Negative Breast Cancer			0	0		0	0									False							False	False	False	False	False	False	-7.4			2020-01-02		manual_research	True	acquired	Menarini ($12.50/sh, May 2021)	True	True	ctgov
TGTX	TG Therapeutics Inc	True	biotech	Umbralisib	CHEMBL3948730	ABL1	chembl	Chronic Lymphocytic Leukemia | Small Lymphocytic Lymphoma	ENSG00000097007	EFO_0000095	8	8	0.970363	1	1	0.922222	PHASE2/PHASE3	0.922222	BCL2	EFO_0000095	Chronic Lymphocytic Leukemia | Small Lymphocytic Lymphoma	ot_2020	True	True	tier1_ot2020	0.970363	ot_recent_fallback	ot_recent_fallback,ot_2020	uncertain	gene_burden,uniprot_literature	True	True	True	True	False	True	170.17	10.93	29.53	2020-01-02	2026-02-20	yahoo_finance	False	active		True	True	ctgov
TPTX	Turning Point Therapeutics Inc	True	biotech	elzovantinib (TPX-0022)			missing	Advanced Solid Tumor | Metastatic Solid Tumors | MET Gene Alterations		EFO_0000335	0	0		0	0									False							False	False	False	False	False	False	25.0			2020-01-02		manual_research	True	acquired	Bristol Myers Squibb ($4.1B, Aug 2022)	True	False	ctgov
UTHR	United Therapeutics Corp	True	biotech	Oral Treprostinil	CHEMBL1237119	PTGIR	chembl	Pulmonary Hypertension Associated With Sickle Cell Disease	ENSG00000160013	EFO_0001361	3	2	0.962992	1	1	0.856705	PHASE2/PHASE3	0.856705	TOP1	EFO_0000702	Small Cell Lung Cancer	ot_recent_fallback	True	True	bq_ancestor	0.962992	ot_recent_fallback	ot_recent_fallback	True	eva,genomics_england	True	True	True	True	False	True	440.06	87.66	473.42	2020-01-02	2026-02-20	yahoo_finance	False	active		False	True	ctgov
VCEL	Vericel Corp	True	biotech	Bone Repair Cells (BRCs)			missing	Single Level Posterolateral Spinal Fusion			0	0		0	0									False							False	False	False	False	False	False	117.78	17.49	38.09	2020-01-02	2026-02-20	yahoo_finance	False	active		False	True	ctgov
VKTX	Viking Therapeutics Inc	True	biotech	Placebo			missing	Hip Fractures			0	0		0	0									False							False	False	False	False	False	False	290.31	7.95	31.03	2020-01-02	2026-02-20	yahoo_finance	False	active		False	True	ctgov
VNDA	Vanda Pharmaceuticals Inc	True	biotech	tasimelteon	CHEMBL2103822	MTNR1A	chembl	Autism Spectrum Disorder | Circadian Rhythm Sleep Disorders | Non-24 Hour Sleep-Wake Disorder | Smith-Magenis Syndrome	ENSG00000168412	EFO_0003756	1	1	0.794844	0	0									False		0.794844	ot_recent_fallback	ot_recent_fallback	uncertain	eva,gene_burden	False	False	False	False	False	False	-64.4	16.18	5.76	2020-01-02	2026-02-20	yahoo_finance	False	active		False	True	ctgov
VRTX	Vertex Pharmaceuticals Inc	True	biotech	LUM/IVA	CHEMBL2103870	CFTR	chembl	Cystic Fibrosis	ENSG00000001626	MONDO_0009061	3	3	0.998892	3	3	0.998892	PHASE4	0.998892	CFTR	MONDO_0009061	Cystic Fibrosis	ot_recent_fallback	uncertain	True	bq_direct	0.998892	ot_recent_fallback	ot_recent_fallback	uncertain	eva,uniprot_variants,orphanet,genomics_england,gene_burden,uniprot_literature	True	True	True	True	True	False	117.32	219.45	476.9	2020-01-02	2026-02-20	yahoo_finance	False	active		False	True	ctgov,monogenic_causal
VYGR	Voyager Therapeutics Inc	True	biotech	VY-AADC01			missing	Basal Ganglia Disease | Brain Diseases | Central Nervous System Diseases | Idiopathic Parkinson's Disease | Movement Dis		EFO_0002508	0	0		0	0									False							False	False	False	False	False	False	-74.3	13.58	3.49	2020-01-02	2026-02-20	yahoo_finance	False	active		False	False	ctgov
XLRN	Acceleron Pharma Inc	True	biotech	ACE-011 or placebo			missing	Osteoporosis		EFO_0003882	0	0		0	0									False							False	False	False	False	False	False	236.4			2020-01-02		manual_research	True	acquired	Merck ($11.5B, Nov 2021)	False	True	ctgov
XNCR	Xencor Inc	True	biotech	AMG 424			missing	Relapsed/ Refractory Multiple Myeloma			0	0		0	0									False							False	False	False	False	False	False	-67.37	34.97	11.41	2020-01-02	2026-02-20	yahoo_finance	False	active		True	True	ctgov
XON	Intrexon Corp	True	biotech	CD33-CAR-T Cell Infusion			missing	Acute Myeloid Leukemia | Hematopoietic/Lymphoid Cancer		EFO_0000222	0	0		0	0									False							False	False	False	False	False	False	-25.89	5.91	4.38	2020-01-02	2026-02-20	yahoo_finance	False	active		True	True	ctgov
YMAB	Y-mAbs Therapeutics Inc	True	biotech	131 I-8H9			missing	Peritoneal Cancer		MONDO_0015686	0	0		0	0									False							False	False	False	False	False	False	-86.2			2020-01-02		manual_research	True	acquired	Advent International (~$5.80/sh, 2024)	True	False	ctgov
ZIOP	ZIOPHARM Oncology Inc	True	biotech	Autologous CD19-CD8-CD28-CD3zeta-CAR-mbIL15-HER1t T Cells			missing	B Acute Lymphoblastic Leukemia With t(v;11q23.3); KMT2A Rearranged | Recurrent B Acute Lymphoblastic Leukemia | Recurren		EFO_0000220	0	0		0	0									False							False	False	False	False	False	False	-99.61	693.0	2.72	2020-01-02	2026-02-20	yahoo_finance	False	active		True	True	ctgov
BLUE	Bluebird Bio Inc	True	biotech	betibeglogene autotemcel (LentiGlobin BB305)		HBB	monogenic_causal	Sickle Cell Disease	ENSG00000244734	MONDO_0011382	2	2	0.846459	1	1	0.846459	PHASE1/PHASE2	0.846459	HBB	MONDO_0011382	Sickle Cell Disease	ot_recent_fallback	uncertain	True	bq_direct	0.846459	ot_recent_fallback	ot_recent_fallback	uncertain	genomics_england,uniprot_literature,uniprot_variants,orphanet	True	True	True	True	False	False	-97.0			2020-01-02		manual_research	True	bankrupt	Filed Chapter 11, acquired by buyers 2024	False	False	monogenic_causal
BOLD	Audentes Therapeutics Inc	True	biotech	AT132 (resamirigene bilparvovec)			missing	X-Linked Myotubular Myopathy (XLMTM)			0	0		0	0									False							False	False	False	False	False	False	11.1			2020-01-02		manual_research	True	acquired	Astellas ($60/sh, Jan 2020)	False	False	ctgov
CCXI	ChemoCentryx Inc	True	biotech	avacopan (CCX168)			missing	ANCA-Associated Vasculitis (Granulomatosis with Polyangiitis | Microscopic Polyangiitis)			0	0		0	0									False							False	False	False	False	False	False	39.9			2020-01-02		manual_research	True	acquired	Amgen ($3.7B, Oct 2022)	False	False	ctgov
FGEN	FibroGen Inc	True	biotech	pamrevlumab (FG-3019)		DMD	monogenic_causal	Duchenne Muscular Dystrophy (DMD)	ENSG00000198947	MONDO_0010679	1	1	0.949607	1	1	0.949607	PHASE2	0.949607	DMD	MONDO_0010679	Duchenne Muscular Dystrophy (DMD)	ot_recent_fallback	uncertain	True	bq_direct	0.949607	ot_recent_fallback	ot_recent_fallback	uncertain	eva,genomics_england,uniprot_variants,orphanet,uniprot_literature,gene2phenotype	True	True	True	True	False	False	-99.24	1096.5	8.32	2020-01-02	2026-02-20	yahoo_finance	False	active		False	False	monogenic_causal
FIXX	Homology Medicines Inc	True	biotech	HMI-102		PAH	monogenic_causal	Phenylketonuria (PKU)	ENSG00000171759	MONDO_0009861	1	1	0.997224	1	1	0.997224	PHASE1/PHASE2	0.997224	PAH	MONDO_0009861	Phenylketonuria (PKU)	ot_recent_fallback	uncertain	True	bq_direct	0.997224	ot_recent_fallback	ot_recent_fallback	uncertain	uniprot_variants,eva,genomics_england,uniprot_literature,gene2phenotype	True	True	True	True	True	False	-85.0			2020-01-02		manual_research	True	acquired	Q32 Bio (reverse merger, Jun 2023)	False	False	monogenic_causal
IMMU	Immunomedics Inc	True	biotech	sacituzumab govitecan (IMMU-132)			missing	Metastatic Triple-Negative Breast Cancer (mTNBC)			0	0		0	0									False							False	False	False	False	False	False	319.5			2020-01-02		manual_research	True	acquired	Gilead ($21B, Oct 2020)	True	False	ctgov
NTLA	Intellia Therapeutics Inc	True	biotech	NTLA-2001			missing	Transthyretin Amyloidosis (ATTR)			0	0		0	0									False							False	False	False	False	False	False	-13.31	14.58	12.64	2020-01-02	2026-02-20	yahoo_finance	False	active		False	False	ctgov
RGNX	REGENXBIO Inc	True	biotech	RGX-314			missing	Wet Age-Related Macular Degeneration (Wet AMD)			0	0		0	0									False							False	False	False	False	False	False	-79.12	38.99	8.14	2020-01-02	2026-02-20	yahoo_finance	False	active		False	False	ctgov
RTRX	Retrophin Inc	True	biotech	sparsentan (RE-021)			missing	Focal Segmental Glomerulosclerosis (FSGS)			0	0		0	0									False							False	False	False	False	False	False	119.11	13.87	30.39	2020-01-02	2026-02-20	yahoo_finance	False	active		False	False	ctgov
CDNA	CareDx Inc	True	diagnostics_platform				missing				0	0		0	0									False							False	False	False	False	False	False	-11.11	21.15	18.8	2020-01-02	2026-02-20	yahoo_finance	False	active		False	False	ctgov
EXAS	Exact Sciences Corp	True	diagnostics_platform				missing				0	0		0	0									False							False	False	False	False	False	False	8.21	95.58	103.43	2020-01-02	2026-02-20	yahoo_finance	False	active		False	False	ctgov
NTRA	Natera Inc	True	diagnostics_platform				missing				0	0		0	0									False							False	False	False	False	False	False	537.19	33.29	212.12	2020-01-02	2026-02-20	yahoo_finance	False	active		False	False	ctgov
NVTA	Invitae Corp	True	diagnostics_platform				missing				0	0		0	0									False							False	False	False	False	False	False	-100.0			2020-01-02		manual_research	True	bankrupt		False	False	ctgov
TWST	Twist Bioscience Corp	True	diagnostics_platform				missing				0	0		0	0									False							False	False	False	False	False	False	133.05	20.85	48.59	2020-01-02	2026-02-20	yahoo_finance	False	active		False	False	ctgov
VCYT	Veracyte Inc	True	diagnostics_platform				missing				0	0		0	0									False							False	False	False	False	False	False	29.52	27.51	35.63	2020-01-02	2026-02-20	yahoo_finance	False	active		False	False	ctgov
